{"cameraMode":{"drawMode":0,"name":"Shaded","section":"Shading Mode"},"sceneLighting":false,"audioPlay":false,"sceneViewState":{"m_AlwaysRefresh":false,"showFog":true,"showSkybox":false,"showFlares":true,"showImageEffects":true,"showParticleSystems":true,"showVisualEffectGraphs":true,"m_FxEnabled":false},"in2DMode":false,"pivot":{"x":-1.479163408279419,"y":-0.16496606171131135,"z":-17.059589385986329},"rotation":{"x":-0.000947070773690939,"y":-1.0012704133987427,"z":-0.013451693579554558,"w":-0.02688802406191826},"size":4.484926700592041,"orthographic":false}