{"cameraMode":{"drawMode":0,"name":"Shaded","section":"Shading Mode"},"sceneLighting":true,"audioPlay":false,"sceneViewState":{"m_AlwaysRefresh":false,"showFog":true,"showSkybox":false,"showFlares":true,"showImageEffects":true,"showParticleSystems":true,"showVisualEffectGraphs":true,"m_FxEnabled":false},"in2DMode":false,"pivot":{"x":-27.735849380493165,"y":-71.73243713378906,"z":-240.25796508789063},"rotation":{"x":0.0026294190902262928,"y":0.9858604669570923,"z":-0.1704350709915161,"w":0.020414264872670175},"size":158.74310302734376,"orthographic":false}