{"cameraMode":{"drawMode":0,"name":"Shaded","section":"Shading Mode"},"sceneLighting":true,"audioPlay":false,"sceneViewState":{"m_AlwaysRefresh":false,"showFog":true,"showSkybox":false,"showFlares":true,"showImageEffects":true,"showParticleSystems":true,"showVisualEffectGraphs":true,"m_FxEnabled":false},"in2DMode":false,"pivot":{"x":0.5549618601799011,"y":-1.4310531616210938,"z":7.912494659423828},"rotation":{"x":-0.05041501671075821,"y":-0.01985223963856697,"z":0.0076961638405919079,"w":-1.000879168510437},"size":13.500946044921875,"orthographic":false}